date,previous_consumption,predicted_consumption,actual_consumption_for_evaluation,forecast_explanation,energy_saving_recommendation
2010-02-03,2157.43,2231.97,2903.01,The forecast is within 10% of the previous day's consumption.,Maintain energy-saving habits and monitor daily electricity usage.
2010-02-04,2903.01,1897.97,2316.27,The forecast is more than 10% lower than the previous day's consumption.,Continue monitoring consumption and switch off unused lights and appliances.
2010-02-05,2316.27,1895.26,2098.89,The forecast is more than 10% lower than the previous day's consumption.,Continue monitoring consumption and switch off unused lights and appliances.
2010-02-06,2098.89,2221.33,2712.99,The forecast is within 10% of the previous day's consumption.,Maintain energy-saving habits and monitor daily electricity usage.
2010-02-07,2712.99,2571.38,1625.71,The forecast is within 10% of the previous day's consumption.,Maintain energy-saving habits and monitor daily electricity usage.
2010-02-08,1625.71,1933.72,2582.24,The forecast is more than 10% higher than the previous day's consumption.,Review planned appliance use and avoid running non-essential high-energy devices simultaneously.
2010-02-09,2582.24,2058.43,2420.93,The forecast is more than 10% lower than the previous day's consumption.,Continue monitoring consumption and switch off unused lights and appliances.
2010-02-10,2420.93,2432.32,1944.54,The forecast is within 10% of the previous day's consumption.,Maintain energy-saving habits and monitor daily electricity usage.
2010-02-11,1944.54,2206.65,1369.77,The forecast is more than 10% higher than the previous day's consumption.,Review planned appliance use and avoid running non-essential high-energy devices simultaneously.
2010-02-12,1369.77,1817.4,1893.0,The forecast is more than 10% higher than the previous day's consumption.,Review planned appliance use and avoid running non-essential high-energy devices simultaneously.
2010-02-13,1893.0,2255.9,2351.56,The forecast is more than 10% higher than the previous day's consumption.,Review planned appliance use and avoid running non-essential high-energy devices simultaneously.
2010-02-14,2351.56,2421.87,1686.7,The forecast is within 10% of the previous day's consumption.,Maintain energy-saving habits and monitor daily electricity usage.
2010-02-15,1686.7,1899.97,2097.13,The forecast is more than 10% higher than the previous day's consumption.,Review planned appliance use and avoid running non-essential high-energy devices simultaneously.
2010-02-16,2097.13,1884.14,1797.76,The forecast is more than 10% lower than the previous day's consumption.,Continue monitoring consumption and switch off unused lights and appliances.
2010-02-17,1797.76,1901.69,2054.56,The forecast is within 10% of the previous day's consumption.,Maintain energy-saving habits and monitor daily electricity usage.
2010-02-18,2054.56,1659.49,1761.16,The forecast is more than 10% lower than the previous day's consumption.,Continue monitoring consumption and switch off unused lights and appliances.
2010-02-19,1761.16,1897.93,1953.57,The forecast is within 10% of the previous day's consumption.,Maintain energy-saving habits and monitor daily electricity usage.
2010-02-20,1953.57,2209.17,1983.73,The forecast is more than 10% higher than the previous day's consumption.,Review planned appliance use and avoid running non-essential high-energy devices simultaneously.
2010-02-21,1983.73,2229.1,2740.31,The forecast is more than 10% higher than the previous day's consumption.,Review planned appliance use and avoid running non-essential high-energy devices simultaneously.
2010-02-22,2740.31,1859.44,1474.04,The forecast is more than 10% lower than the previous day's consumption.,Continue monitoring consumption and switch off unused lights and appliances.
2010-02-23,1474.04,1824.03,1461.28,The forecast is more than 10% higher than the previous day's consumption.,Review planned appliance use and avoid running non-essential high-energy devices simultaneously.
2010-02-24,1461.28,1939.03,1914.28,The forecast is more than 10% higher than the previous day's consumption.,Review planned appliance use and avoid running non-essential high-energy devices simultaneously.
2010-02-25,1914.28,1744.15,1880.2,The forecast is within 10% of the previous day's consumption.,Maintain energy-saving habits and monitor daily electricity usage.
2010-02-26,1880.2,1924.88,2120.16,The forecast is within 10% of the previous day's consumption.,Maintain energy-saving habits and monitor daily electricity usage.
2010-02-27,2120.16,2558.98,1765.06,The forecast is more than 10% higher than the previous day's consumption.,Review planned appliance use and avoid running non-essential high-energy devices simultaneously.
2010-02-28,1765.06,2032.06,711.67,The forecast is more than 10% higher than the previous day's consumption.,Review planned appliance use and avoid running non-essential high-energy devices simultaneously.
2010-03-01,711.67,891.48,1298.73,The forecast is more than 10% higher than the previous day's consumption.,Review planned appliance use and avoid running non-essential high-energy devices simultaneously.
2010-03-02,1298.73,1556.61,766.91,The forecast is more than 10% higher than the previous day's consumption.,Review planned appliance use and avoid running non-essential high-energy devices simultaneously.
2010-03-03,766.91,1014.32,935.83,The forecast is more than 10% higher than the previous day's consumption.,Review planned appliance use and avoid running non-essential high-energy devices simultaneously.
2010-03-04,935.83,1356.88,682.88,The forecast is more than 10% higher than the previous day's consumption.,Review planned appliance use and avoid running non-essential high-energy devices simultaneously.
2010-03-05,682.88,1151.59,1133.73,The forecast is more than 10% higher than the previous day's consumption.,Review planned appliance use and avoid running non-essential high-energy devices simultaneously.
2010-03-06,1133.73,1354.83,794.71,The forecast is more than 10% higher than the previous day's consumption.,Review planned appliance use and avoid running non-essential high-energy devices simultaneously.
2010-03-07,794.71,1420.44,1372.47,The forecast is more than 10% higher than the previous day's consumption.,Review planned appliance use and avoid running non-essential high-energy devices simultaneously.
2010-03-08,1372.47,1538.71,2557.1,The forecast is more than 10% higher than the previous day's consumption.,Review planned appliance use and avoid running non-essential high-energy devices simultaneously.
2010-03-09,2557.1,1766.16,1760.11,The forecast is more than 10% lower than the previous day's consumption.,Continue monitoring consumption and switch off unused lights and appliances.
2010-03-10,1760.11,1594.49,1822.63,The forecast is within 10% of the previous day's consumption.,Maintain energy-saving habits and monitor daily electricity usage.
2010-03-11,1822.63,1549.24,1951.09,The forecast is more than 10% lower than the previous day's consumption.,Continue monitoring consumption and switch off unused lights and appliances.
2010-03-12,1951.09,1589.0,1645.42,The forecast is more than 10% lower than the previous day's consumption.,Continue monitoring consumption and switch off unused lights and appliances.
2010-03-13,1645.42,2172.9,2383.01,The forecast is more than 10% higher than the previous day's consumption.,Review planned appliance use and avoid running non-essential high-energy devices simultaneously.
2010-03-14,2383.01,2282.71,1566.71,The forecast is within 10% of the previous day's consumption.,Maintain energy-saving habits and monitor daily electricity usage.
2010-03-15,1566.71,1853.44,1791.85,The forecast is more than 10% higher than the previous day's consumption.,Review planned appliance use and avoid running non-essential high-energy devices simultaneously.
2010-03-16,1791.85,1790.49,1542.65,The forecast is within 10% of the previous day's consumption.,Maintain energy-saving habits and monitor daily electricity usage.
2010-03-17,1542.65,1791.56,2009.13,The forecast is more than 10% higher than the previous day's consumption.,Review planned appliance use and avoid running non-essential high-energy devices simultaneously.
2010-03-18,2009.13,1744.97,1562.68,The forecast is more than 10% lower than the previous day's consumption.,Continue monitoring consumption and switch off unused lights and appliances.
2010-03-19,1562.68,1709.0,1663.38,The forecast is within 10% of the previous day's consumption.,Maintain energy-saving habits and monitor daily electricity usage.
2010-03-20,1663.38,1965.56,131.73,The forecast is more than 10% higher than the previous day's consumption.,Review planned appliance use and avoid running non-essential high-energy devices simultaneously.
2010-03-21,131.73,677.01,917.28,The forecast is more than 10% higher than the previous day's consumption.,Review planned appliance use and avoid running non-essential high-energy devices simultaneously.
2010-03-22,917.28,1313.48,1618.59,The forecast is more than 10% higher than the previous day's consumption.,Review planned appliance use and avoid running non-essential high-energy devices simultaneously.
2010-03-23,1618.59,1469.43,1822.16,The forecast is within 10% of the previous day's consumption.,Maintain energy-saving habits and monitor daily electricity usage.
2010-03-24,1822.16,1497.31,1994.75,The forecast is more than 10% lower than the previous day's consumption.,Continue monitoring consumption and switch off unused lights and appliances.
2010-03-25,1994.75,1591.73,1679.88,The forecast is more than 10% lower than the previous day's consumption.,Continue monitoring consumption and switch off unused lights and appliances.
2010-03-26,1679.88,1614.91,1651.28,The forecast is within 10% of the previous day's consumption.,Maintain energy-saving habits and monitor daily electricity usage.
2010-03-27,1651.28,1829.54,1847.97,The forecast is more than 10% higher than the previous day's consumption.,Review planned appliance use and avoid running non-essential high-energy devices simultaneously.
2010-03-28,1847.97,2058.92,1798.21,The forecast is more than 10% higher than the previous day's consumption.,Review planned appliance use and avoid running non-essential high-energy devices simultaneously.
2010-03-29,1798.21,1630.54,1622.74,The forecast is within 10% of the previous day's consumption.,Maintain energy-saving habits and monitor daily electricity usage.
2010-03-30,1622.74,1739.69,1906.45,The forecast is within 10% of the previous day's consumption.,Maintain energy-saving habits and monitor daily electricity usage.
2010-03-31,1906.45,1833.99,1923.8,The forecast is within 10% of the previous day's consumption.,Maintain energy-saving habits and monitor daily electricity usage.
2010-04-01,1923.8,1518.16,1687.44,The forecast is more than 10% lower than the previous day's consumption.,Continue monitoring consumption and switch off unused lights and appliances.
2010-04-02,1687.44,1707.9,1648.62,The forecast is within 10% of the previous day's consumption.,Maintain energy-saving habits and monitor daily electricity usage.
2010-04-03,1648.62,2022.35,1805.28,The forecast is more than 10% higher than the previous day's consumption.,Review planned appliance use and avoid running non-essential high-energy devices simultaneously.
2010-04-04,1805.28,1918.1,1690.39,The forecast is within 10% of the previous day's consumption.,Maintain energy-saving habits and monitor daily electricity usage.
2010-04-05,1690.39,1537.74,1118.82,The forecast is within 10% of the previous day's consumption.,Maintain energy-saving habits and monitor daily electricity usage.
2010-04-06,1118.82,1553.32,1825.85,The forecast is more than 10% higher than the previous day's consumption.,Review planned appliance use and avoid running non-essential high-energy devices simultaneously.
2010-04-07,1825.85,1638.91,1596.98,The forecast is more than 10% lower than the previous day's consumption.,Continue monitoring consumption and switch off unused lights and appliances.
2010-04-08,1596.98,1399.21,1649.22,The forecast is more than 10% lower than the previous day's consumption.,Continue monitoring consumption and switch off unused lights and appliances.
2010-04-09,1649.22,1458.34,1233.35,The forecast is more than 10% lower than the previous day's consumption.,Continue monitoring consumption and switch off unused lights and appliances.
2010-04-10,1233.35,1685.92,1190.21,The forecast is more than 10% higher than the previous day's consumption.,Review planned appliance use and avoid running non-essential high-energy devices simultaneously.
2010-04-11,1190.21,1612.91,1602.81,The forecast is more than 10% higher than the previous day's consumption.,Review planned appliance use and avoid running non-essential high-energy devices simultaneously.
2010-04-12,1602.81,1309.93,1439.43,The forecast is more than 10% lower than the previous day's consumption.,Continue monitoring consumption and switch off unused lights and appliances.
2010-04-13,1439.43,1486.4,1512.7,The forecast is within 10% of the previous day's consumption.,Maintain energy-saving habits and monitor daily electricity usage.
2010-04-14,1512.7,1438.29,1660.36,The forecast is within 10% of the previous day's consumption.,Maintain energy-saving habits and monitor daily electricity usage.
2010-04-15,1660.36,1545.21,1872.18,The forecast is within 10% of the previous day's consumption.,Maintain energy-saving habits and monitor daily electricity usage.
2010-04-16,1872.18,1485.31,1562.06,The forecast is more than 10% lower than the previous day's consumption.,Continue monitoring consumption and switch off unused lights and appliances.
2010-04-17,1562.06,1715.69,1557.71,The forecast is within 10% of the previous day's consumption.,Maintain energy-saving habits and monitor daily electricity usage.
2010-04-18,1557.71,1821.21,1476.11,The forecast is more than 10% higher than the previous day's consumption.,Review planned appliance use and avoid running non-essential high-energy devices simultaneously.
2010-04-19,1476.11,1525.12,1708.59,The forecast is within 10% of the previous day's consumption.,Maintain energy-saving habits and monitor daily electricity usage.
2010-04-20,1708.59,1509.89,1833.63,The forecast is more than 10% lower than the previous day's consumption.,Continue monitoring consumption and switch off unused lights and appliances.
2010-04-21,1833.63,1624.61,1579.91,The forecast is more than 10% lower than the previous day's consumption.,Continue monitoring consumption and switch off unused lights and appliances.
2010-04-22,1579.91,1542.87,1460.9,The forecast is within 10% of the previous day's consumption.,Maintain energy-saving habits and monitor daily electricity usage.
2010-04-23,1460.9,1504.13,1180.54,The forecast is within 10% of the previous day's consumption.,Maintain energy-saving habits and monitor daily electricity usage.
2010-04-24,1180.54,1604.89,1518.42,The forecast is more than 10% higher than the previous day's consumption.,Review planned appliance use and avoid running non-essential high-energy devices simultaneously.
2010-04-25,1518.42,1637.75,1542.74,The forecast is within 10% of the previous day's consumption.,Maintain energy-saving habits and monitor daily electricity usage.
2010-04-26,1542.74,1406.05,1082.72,The forecast is within 10% of the previous day's consumption.,Maintain energy-saving habits and monitor daily electricity usage.
2010-04-27,1082.72,1279.1,1250.94,The forecast is more than 10% higher than the previous day's consumption.,Review planned appliance use and avoid running non-essential high-energy devices simultaneously.
2010-04-28,1250.94,1498.96,867.86,The forecast is more than 10% higher than the previous day's consumption.,Review planned appliance use and avoid running non-essential high-energy devices simultaneously.
2010-04-29,867.86,1188.01,1103.72,The forecast is more than 10% higher than the previous day's consumption.,Review planned appliance use and avoid running non-essential high-energy devices simultaneously.
2010-04-30,1103.72,1244.11,1118.63,The forecast is more than 10% higher than the previous day's consumption.,Review planned appliance use and avoid running non-essential high-energy devices simultaneously.
2010-05-01,1118.63,1405.78,1320.16,The forecast is more than 10% higher than the previous day's consumption.,Review planned appliance use and avoid running non-essential high-energy devices simultaneously.
2010-05-02,1320.16,1356.85,2187.91,The forecast is within 10% of the previous day's consumption.,Maintain energy-saving habits and monitor daily electricity usage.
2010-05-03,2187.91,1187.17,1411.3,The forecast is more than 10% lower than the previous day's consumption.,Continue monitoring consumption and switch off unused lights and appliances.
2010-05-04,1411.3,1242.37,1516.96,The forecast is more than 10% lower than the previous day's consumption.,Continue monitoring consumption and switch off unused lights and appliances.
2010-05-05,1516.96,1252.98,1805.31,The forecast is more than 10% lower than the previous day's consumption.,Continue monitoring consumption and switch off unused lights and appliances.
2010-05-06,1805.31,1244.27,1299.25,The forecast is more than 10% lower than the previous day's consumption.,Continue monitoring consumption and switch off unused lights and appliances.
2010-05-07,1299.25,1413.36,1644.0,The forecast is within 10% of the previous day's consumption.,Maintain energy-saving habits and monitor daily electricity usage.
2010-05-08,1644.0,1765.97,1533.42,The forecast is within 10% of the previous day's consumption.,Maintain energy-saving habits and monitor daily electricity usage.
2010-05-09,1533.42,1801.63,1566.51,The forecast is more than 10% higher than the previous day's consumption.,Review planned appliance use and avoid running non-essential high-energy devices simultaneously.
2010-05-10,1566.51,1549.13,1467.89,The forecast is within 10% of the previous day's consumption.,Maintain energy-saving habits and monitor daily electricity usage.
2010-05-11,1467.89,1598.56,1571.37,The forecast is within 10% of the previous day's consumption.,Maintain energy-saving habits and monitor daily electricity usage.
2010-05-12,1571.37,1619.43,2035.42,The forecast is within 10% of the previous day's consumption.,Maintain energy-saving habits and monitor daily electricity usage.
2010-05-13,2035.42,1614.91,1552.5,The forecast is more than 10% lower than the previous day's consumption.,Continue monitoring consumption and switch off unused lights and appliances.
2010-05-14,1552.5,1599.87,1722.15,The forecast is within 10% of the previous day's consumption.,Maintain energy-saving habits and monitor daily electricity usage.
2010-05-15,1722.15,1711.49,1944.77,The forecast is within 10% of the previous day's consumption.,Maintain energy-saving habits and monitor daily electricity usage.
2010-05-16,1944.77,1674.39,2100.43,The forecast is more than 10% lower than the previous day's consumption.,Continue monitoring consumption and switch off unused lights and appliances.
2010-05-17,2100.43,1524.26,1628.18,The forecast is more than 10% lower than the previous day's consumption.,Continue monitoring consumption and switch off unused lights and appliances.
2010-05-18,1628.18,1618.93,1421.18,The forecast is within 10% of the previous day's consumption.,Maintain energy-saving habits and monitor daily electricity usage.
2010-05-19,1421.18,1680.46,1426.75,The forecast is more than 10% higher than the previous day's consumption.,Review planned appliance use and avoid running non-essential high-energy devices simultaneously.
2010-05-20,1426.75,1631.65,1153.9,The forecast is more than 10% higher than the previous day's consumption.,Review planned appliance use and avoid running non-essential high-energy devices simultaneously.
2010-05-21,1153.9,1536.63,1294.4,The forecast is more than 10% higher than the previous day's consumption.,Review planned appliance use and avoid running non-essential high-energy devices simultaneously.
2010-05-22,1294.4,1605.7,2095.77,The forecast is more than 10% higher than the previous day's consumption.,Review planned appliance use and avoid running non-essential high-energy devices simultaneously.
2010-05-23,2095.77,1706.23,1487.56,The forecast is more than 10% lower than the previous day's consumption.,Continue monitoring consumption and switch off unused lights and appliances.
2010-05-24,1487.56,1476.39,1341.33,The forecast is within 10% of the previous day's consumption.,Maintain energy-saving habits and monitor daily electricity usage.
2010-05-25,1341.33,1282.25,1198.63,The forecast is within 10% of the previous day's consumption.,Maintain energy-saving habits and monitor daily electricity usage.
2010-05-26,1198.63,1467.36,1387.88,The forecast is more than 10% higher than the previous day's consumption.,Review planned appliance use and avoid running non-essential high-energy devices simultaneously.
2010-05-27,1387.88,1282.69,1323.34,The forecast is within 10% of the previous day's consumption.,Maintain energy-saving habits and monitor daily electricity usage.
2010-05-28,1323.34,1312.75,1398.16,The forecast is within 10% of the previous day's consumption.,Maintain energy-saving habits and monitor daily electricity usage.
2010-05-29,1398.16,1697.27,2049.81,The forecast is more than 10% higher than the previous day's consumption.,Review planned appliance use and avoid running non-essential high-energy devices simultaneously.
2010-05-30,2049.81,1616.66,1665.7,The forecast is more than 10% lower than the previous day's consumption.,Continue monitoring consumption and switch off unused lights and appliances.
2010-05-31,1665.7,1282.46,1340.46,The forecast is more than 10% lower than the previous day's consumption.,Continue monitoring consumption and switch off unused lights and appliances.
2010-06-01,1340.46,1324.77,1268.96,The forecast is within 10% of the previous day's consumption.,Maintain energy-saving habits and monitor daily electricity usage.
2010-06-02,1268.96,1385.03,980.9,The forecast is within 10% of the previous day's consumption.,Maintain energy-saving habits and monitor daily electricity usage.
2010-06-03,980.9,1261.83,1394.19,The forecast is more than 10% higher than the previous day's consumption.,Review planned appliance use and avoid running non-essential high-energy devices simultaneously.
2010-06-04,1394.19,1421.23,1420.55,The forecast is within 10% of the previous day's consumption.,Maintain energy-saving habits and monitor daily electricity usage.
2010-06-05,1420.55,1629.33,2009.64,The forecast is more than 10% higher than the previous day's consumption.,Review planned appliance use and avoid running non-essential high-energy devices simultaneously.
2010-06-06,2009.64,1532.54,1746.79,The forecast is more than 10% lower than the previous day's consumption.,Continue monitoring consumption and switch off unused lights and appliances.
2010-06-07,1746.79,1377.17,1012.08,The forecast is more than 10% lower than the previous day's consumption.,Continue monitoring consumption and switch off unused lights and appliances.
2010-06-08,1012.08,1394.84,1362.03,The forecast is more than 10% higher than the previous day's consumption.,Review planned appliance use and avoid running non-essential high-energy devices simultaneously.
2010-06-09,1362.03,1308.57,1534.68,The forecast is within 10% of the previous day's consumption.,Maintain energy-saving habits and monitor daily electricity usage.
2010-06-10,1534.68,1302.19,1215.19,The forecast is more than 10% lower than the previous day's consumption.,Continue monitoring consumption and switch off unused lights and appliances.
2010-06-11,1215.19,1546.05,1470.67,The forecast is more than 10% higher than the previous day's consumption.,Review planned appliance use and avoid running non-essential high-energy devices simultaneously.
2010-06-12,1470.67,1712.82,1973.11,The forecast is more than 10% higher than the previous day's consumption.,Review planned appliance use and avoid running non-essential high-energy devices simultaneously.
2010-06-13,1973.11,1618.75,1674.36,The forecast is more than 10% lower than the previous day's consumption.,Continue monitoring consumption and switch off unused lights and appliances.
2010-06-14,1674.36,1219.79,1217.98,The forecast is more than 10% lower than the previous day's consumption.,Continue monitoring consumption and switch off unused lights and appliances.
2010-06-15,1217.98,1473.52,1223.97,The forecast is more than 10% higher than the previous day's consumption.,Review planned appliance use and avoid running non-essential high-energy devices simultaneously.
2010-06-16,1223.97,1571.54,1768.09,The forecast is more than 10% higher than the previous day's consumption.,Review planned appliance use and avoid running non-essential high-energy devices simultaneously.
2010-06-17,1768.09,1332.09,1028.02,The forecast is more than 10% lower than the previous day's consumption.,Continue monitoring consumption and switch off unused lights and appliances.
2010-06-18,1028.02,1371.09,1332.32,The forecast is more than 10% higher than the previous day's consumption.,Review planned appliance use and avoid running non-essential high-energy devices simultaneously.
2010-06-19,1332.32,1600.46,1416.22,The forecast is more than 10% higher than the previous day's consumption.,Review planned appliance use and avoid running non-essential high-energy devices simultaneously.
2010-06-20,1416.22,1674.75,1672.55,The forecast is more than 10% higher than the previous day's consumption.,Review planned appliance use and avoid running non-essential high-energy devices simultaneously.
2010-06-21,1672.55,1329.31,1660.89,The forecast is more than 10% lower than the previous day's consumption.,Continue monitoring consumption and switch off unused lights and appliances.
2010-06-22,1660.89,1360.92,1520.59,The forecast is more than 10% lower than the previous day's consumption.,Continue monitoring consumption and switch off unused lights and appliances.
2010-06-23,1520.59,1428.14,1442.06,The forecast is within 10% of the previous day's consumption.,Maintain energy-saving habits and monitor daily electricity usage.
2010-06-24,1442.06,1311.57,1095.78,The forecast is within 10% of the previous day's consumption.,Maintain energy-saving habits and monitor daily electricity usage.
2010-06-25,1095.78,1281.17,1099.44,The forecast is more than 10% higher than the previous day's consumption.,Review planned appliance use and avoid running non-essential high-energy devices simultaneously.
2010-06-26,1099.44,1417.46,981.62,The forecast is more than 10% higher than the previous day's consumption.,Review planned appliance use and avoid running non-essential high-energy devices simultaneously.
2010-06-27,981.62,1386.79,1139.96,The forecast is more than 10% higher than the previous day's consumption.,Review planned appliance use and avoid running non-essential high-energy devices simultaneously.
2010-06-28,1139.96,1211.67,1471.34,The forecast is within 10% of the previous day's consumption.,Maintain energy-saving habits and monitor daily electricity usage.
2010-06-29,1471.34,1214.15,1367.3,The forecast is more than 10% lower than the previous day's consumption.,Continue monitoring consumption and switch off unused lights and appliances.
2010-06-30,1367.3,1225.56,1384.14,The forecast is more than 10% lower than the previous day's consumption.,Continue monitoring consumption and switch off unused lights and appliances.
2010-07-01,1384.14,1190.85,1349.0,The forecast is more than 10% lower than the previous day's consumption.,Continue monitoring consumption and switch off unused lights and appliances.
2010-07-02,1349.0,1211.3,1140.93,The forecast is more than 10% lower than the previous day's consumption.,Continue monitoring consumption and switch off unused lights and appliances.
2010-07-03,1140.93,1248.7,1120.07,The forecast is within 10% of the previous day's consumption.,Maintain energy-saving habits and monitor daily electricity usage.
2010-07-04,1120.07,1201.26,1538.09,The forecast is within 10% of the previous day's consumption.,Maintain energy-saving habits and monitor daily electricity usage.
2010-07-05,1538.09,1291.81,1113.99,The forecast is more than 10% lower than the previous day's consumption.,Continue monitoring consumption and switch off unused lights and appliances.
2010-07-06,1113.99,1119.07,1005.93,The forecast is within 10% of the previous day's consumption.,Maintain energy-saving habits and monitor daily electricity usage.
2010-07-07,1005.93,1066.52,834.79,The forecast is within 10% of the previous day's consumption.,Maintain energy-saving habits and monitor daily electricity usage.
2010-07-08,834.79,956.25,1212.65,The forecast is more than 10% higher than the previous day's consumption.,Review planned appliance use and avoid running non-essential high-energy devices simultaneously.
2010-07-09,1212.65,1059.24,1083.48,The forecast is more than 10% lower than the previous day's consumption.,Continue monitoring consumption and switch off unused lights and appliances.
2010-07-10,1083.48,1128.27,1154.5,The forecast is within 10% of the previous day's consumption.,Maintain energy-saving habits and monitor daily electricity usage.
2010-07-11,1154.5,1211.92,1193.57,The forecast is within 10% of the previous day's consumption.,Maintain energy-saving habits and monitor daily electricity usage.
2010-07-12,1193.57,1042.61,1109.57,The forecast is more than 10% lower than the previous day's consumption.,Continue monitoring consumption and switch off unused lights and appliances.
2010-07-13,1109.57,1011.71,1382.11,The forecast is within 10% of the previous day's consumption.,Maintain energy-saving habits and monitor daily electricity usage.
2010-07-14,1382.11,1054.15,1409.47,The forecast is more than 10% lower than the previous day's consumption.,Continue monitoring consumption and switch off unused lights and appliances.
2010-07-15,1409.47,1101.78,1633.16,The forecast is more than 10% lower than the previous day's consumption.,Continue monitoring consumption and switch off unused lights and appliances.
2010-07-16,1633.16,1160.47,820.06,The forecast is more than 10% lower than the previous day's consumption.,Continue monitoring consumption and switch off unused lights and appliances.
2010-07-17,820.06,1084.06,806.35,The forecast is more than 10% higher than the previous day's consumption.,Review planned appliance use and avoid running non-essential high-energy devices simultaneously.
2010-07-18,806.35,1073.44,812.04,The forecast is more than 10% higher than the previous day's consumption.,Review planned appliance use and avoid running non-essential high-energy devices simultaneously.
2010-07-19,812.04,985.84,801.16,The forecast is more than 10% higher than the previous day's consumption.,Review planned appliance use and avoid running non-essential high-energy devices simultaneously.
2010-07-20,801.16,981.74,855.82,The forecast is more than 10% higher than the previous day's consumption.,Review planned appliance use and avoid running non-essential high-energy devices simultaneously.
2010-07-21,855.82,951.75,1064.17,The forecast is more than 10% higher than the previous day's consumption.,Review planned appliance use and avoid running non-essential high-energy devices simultaneously.
2010-07-22,1064.17,1021.73,1164.45,The forecast is within 10% of the previous day's consumption.,Maintain energy-saving habits and monitor daily electricity usage.
2010-07-23,1164.45,1017.45,1176.16,The forecast is more than 10% lower than the previous day's consumption.,Continue monitoring consumption and switch off unused lights and appliances.
2010-07-24,1176.16,1130.56,921.67,The forecast is within 10% of the previous day's consumption.,Maintain energy-saving habits and monitor daily electricity usage.
2010-07-25,921.67,1078.55,1130.41,The forecast is more than 10% higher than the previous day's consumption.,Review planned appliance use and avoid running non-essential high-energy devices simultaneously.
2010-07-26,1130.41,976.09,884.15,The forecast is more than 10% lower than the previous day's consumption.,Continue monitoring consumption and switch off unused lights and appliances.
2010-07-27,884.15,998.34,952.36,The forecast is more than 10% higher than the previous day's consumption.,Review planned appliance use and avoid running non-essential high-energy devices simultaneously.
2010-07-28,952.36,1064.16,862.65,The forecast is more than 10% higher than the previous day's consumption.,Review planned appliance use and avoid running non-essential high-energy devices simultaneously.
2010-07-29,862.65,962.17,549.1,The forecast is more than 10% higher than the previous day's consumption.,Review planned appliance use and avoid running non-essential high-energy devices simultaneously.
2010-07-30,549.1,730.13,551.26,The forecast is more than 10% higher than the previous day's consumption.,Review planned appliance use and avoid running non-essential high-energy devices simultaneously.
2010-07-31,551.26,642.19,554.62,The forecast is more than 10% higher than the previous day's consumption.,Review planned appliance use and avoid running non-essential high-energy devices simultaneously.
2010-08-01,554.62,622.1,555.66,The forecast is more than 10% higher than the previous day's consumption.,Review planned appliance use and avoid running non-essential high-energy devices simultaneously.
2010-08-02,555.66,612.38,549.48,The forecast is more than 10% higher than the previous day's consumption.,Review planned appliance use and avoid running non-essential high-energy devices simultaneously.
2010-08-03,549.48,577.05,615.21,The forecast is within 10% of the previous day's consumption.,Maintain energy-saving habits and monitor daily electricity usage.
2010-08-04,615.21,795.04,543.36,The forecast is more than 10% higher than the previous day's consumption.,Review planned appliance use and avoid running non-essential high-energy devices simultaneously.
2010-08-05,543.36,650.62,533.48,The forecast is more than 10% higher than the previous day's consumption.,Review planned appliance use and avoid running non-essential high-energy devices simultaneously.
2010-08-06,533.48,680.03,524.75,The forecast is more than 10% higher than the previous day's consumption.,Review planned appliance use and avoid running non-essential high-energy devices simultaneously.
2010-08-07,524.75,640.23,527.48,The forecast is more than 10% higher than the previous day's consumption.,Review planned appliance use and avoid running non-essential high-energy devices simultaneously.
2010-08-08,527.48,668.99,528.46,The forecast is more than 10% higher than the previous day's consumption.,Review planned appliance use and avoid running non-essential high-energy devices simultaneously.
2010-08-09,528.46,686.36,535.06,The forecast is more than 10% higher than the previous day's consumption.,Review planned appliance use and avoid running non-essential high-energy devices simultaneously.
2010-08-10,535.06,643.09,544.76,The forecast is more than 10% higher than the previous day's consumption.,Review planned appliance use and avoid running non-essential high-energy devices simultaneously.
2010-08-11,544.76,664.48,542.0,The forecast is more than 10% higher than the previous day's consumption.,Review planned appliance use and avoid running non-essential high-energy devices simultaneously.
2010-08-12,542.0,664.41,529.7,The forecast is more than 10% higher than the previous day's consumption.,Review planned appliance use and avoid running non-essential high-energy devices simultaneously.
2010-08-13,529.7,732.31,534.29,The forecast is more than 10% higher than the previous day's consumption.,Review planned appliance use and avoid running non-essential high-energy devices simultaneously.
2010-08-14,534.29,737.05,554.27,The forecast is more than 10% higher than the previous day's consumption.,Review planned appliance use and avoid running non-essential high-energy devices simultaneously.
2010-08-15,554.27,751.96,1055.99,The forecast is more than 10% higher than the previous day's consumption.,Review planned appliance use and avoid running non-essential high-energy devices simultaneously.
2010-08-16,1055.99,961.93,1129.73,The forecast is within 10% of the previous day's consumption.,Maintain energy-saving habits and monitor daily electricity usage.
2010-08-17,1129.73,980.08,978.2,The forecast is more than 10% lower than the previous day's consumption.,Continue monitoring consumption and switch off unused lights and appliances.
2010-08-29,1442.86,1186.27,1668.48,The forecast is more than 10% lower than the previous day's consumption.,Continue monitoring consumption and switch off unused lights and appliances.
2010-08-30,1668.48,1060.24,1494.8,The forecast is more than 10% lower than the previous day's consumption.,Continue monitoring consumption and switch off unused lights and appliances.
2010-08-31,1494.8,1178.05,1365.11,The forecast is more than 10% lower than the previous day's consumption.,Continue monitoring consumption and switch off unused lights and appliances.
2010-09-01,1365.11,1332.79,1593.32,The forecast is within 10% of the previous day's consumption.,Maintain energy-saving habits and monitor daily electricity usage.
2010-09-02,1593.32,1291.99,1392.49,The forecast is more than 10% lower than the previous day's consumption.,Continue monitoring consumption and switch off unused lights and appliances.
2010-09-03,1392.49,1554.5,1346.41,The forecast is more than 10% higher than the previous day's consumption.,Review planned appliance use and avoid running non-essential high-energy devices simultaneously.
2010-09-04,1346.41,1375.45,1743.84,The forecast is within 10% of the previous day's consumption.,Maintain energy-saving habits and monitor daily electricity usage.
2010-09-05,1743.84,1591.01,1323.02,The forecast is within 10% of the previous day's consumption.,Maintain energy-saving habits and monitor daily electricity usage.
2010-09-06,1323.02,1376.84,1422.88,The forecast is within 10% of the previous day's consumption.,Maintain energy-saving habits and monitor daily electricity usage.
2010-09-07,1422.88,1407.58,1451.85,The forecast is within 10% of the previous day's consumption.,Maintain energy-saving habits and monitor daily electricity usage.
2010-09-08,1451.85,1457.45,1303.81,The forecast is within 10% of the previous day's consumption.,Maintain energy-saving habits and monitor daily electricity usage.
2010-09-09,1303.81,1348.43,1238.71,The forecast is within 10% of the previous day's consumption.,Maintain energy-saving habits and monitor daily electricity usage.
2010-09-10,1238.71,1467.67,1328.11,The forecast is more than 10% higher than the previous day's consumption.,Review planned appliance use and avoid running non-essential high-energy devices simultaneously.
2010-09-11,1328.11,1586.71,1463.31,The forecast is more than 10% higher than the previous day's consumption.,Review planned appliance use and avoid running non-essential high-energy devices simultaneously.
2010-09-12,1463.31,1619.07,1612.09,The forecast is more than 10% higher than the previous day's consumption.,Review planned appliance use and avoid running non-essential high-energy devices simultaneously.
2010-09-13,1612.09,1325.29,1076.32,The forecast is more than 10% lower than the previous day's consumption.,Continue monitoring consumption and switch off unused lights and appliances.
2010-09-14,1076.32,1329.68,1430.68,The forecast is more than 10% higher than the previous day's consumption.,Review planned appliance use and avoid running non-essential high-energy devices simultaneously.
2010-09-15,1430.68,1441.71,986.09,The forecast is within 10% of the previous day's consumption.,Maintain energy-saving habits and monitor daily electricity usage.
2010-09-16,986.09,1333.9,1339.74,The forecast is more than 10% higher than the previous day's consumption.,Review planned appliance use and avoid running non-essential high-energy devices simultaneously.
2010-09-17,1339.74,1271.94,1497.61,The forecast is within 10% of the previous day's consumption.,Maintain energy-saving habits and monitor daily electricity usage.
2010-09-18,1497.61,1578.77,1247.95,The forecast is within 10% of the previous day's consumption.,Maintain energy-saving habits and monitor daily electricity usage.
2010-09-19,1247.95,1492.08,919.6,The forecast is more than 10% higher than the previous day's consumption.,Review planned appliance use and avoid running non-essential high-energy devices simultaneously.
2010-09-20,919.6,1250.58,1682.83,The forecast is more than 10% higher than the previous day's consumption.,Review planned appliance use and avoid running non-essential high-energy devices simultaneously.
2010-09-21,1682.83,1282.84,1111.38,The forecast is more than 10% lower than the previous day's consumption.,Continue monitoring consumption and switch off unused lights and appliances.
2010-09-22,1111.38,1265.1,1510.39,The forecast is more than 10% higher than the previous day's consumption.,Review planned appliance use and avoid running non-essential high-energy devices simultaneously.
2010-09-23,1510.39,1347.88,1449.86,The forecast is more than 10% lower than the previous day's consumption.,Continue monitoring consumption and switch off unused lights and appliances.
2010-09-24,1449.86,1500.2,1327.99,The forecast is within 10% of the previous day's consumption.,Maintain energy-saving habits and monitor daily electricity usage.
2010-09-25,1327.99,1398.03,106.01,The forecast is within 10% of the previous day's consumption.,Maintain energy-saving habits and monitor daily electricity usage.
2010-10-05,1775.96,1510.09,1854.62,The forecast is more than 10% lower than the previous day's consumption.,Continue monitoring consumption and switch off unused lights and appliances.
2010-10-06,1854.62,1657.65,1315.46,The forecast is more than 10% lower than the previous day's consumption.,Continue monitoring consumption and switch off unused lights and appliances.
2010-10-07,1315.46,1515.67,1809.95,The forecast is more than 10% higher than the previous day's consumption.,Review planned appliance use and avoid running non-essential high-energy devices simultaneously.
2010-10-08,1809.95,1711.69,1510.46,The forecast is within 10% of the previous day's consumption.,Maintain energy-saving habits and monitor daily electricity usage.
2010-10-09,1510.46,1733.32,1611.78,The forecast is more than 10% higher than the previous day's consumption.,Review planned appliance use and avoid running non-essential high-energy devices simultaneously.
2010-10-10,1611.78,1775.12,1998.9,The forecast is more than 10% higher than the previous day's consumption.,Review planned appliance use and avoid running non-essential high-energy devices simultaneously.
2010-10-11,1998.9,1463.32,1622.59,The forecast is more than 10% lower than the previous day's consumption.,Continue monitoring consumption and switch off unused lights and appliances.
2010-10-12,1622.59,1751.04,1579.69,The forecast is within 10% of the previous day's consumption.,Maintain energy-saving habits and monitor daily electricity usage.
2010-10-13,1579.69,1538.04,2073.89,The forecast is within 10% of the previous day's consumption.,Maintain energy-saving habits and monitor daily electricity usage.
2010-10-14,2073.89,1683.71,2135.12,The forecast is more than 10% lower than the previous day's consumption.,Continue monitoring consumption and switch off unused lights and appliances.
2010-10-15,2135.12,1568.02,1596.32,The forecast is more than 10% lower than the previous day's consumption.,Continue monitoring consumption and switch off unused lights and appliances.
2010-10-16,1596.32,2095.21,1000.01,The forecast is more than 10% higher than the previous day's consumption.,Review planned appliance use and avoid running non-essential high-energy devices simultaneously.
2010-10-17,1000.01,1864.47,1047.38,The forecast is more than 10% higher than the previous day's consumption.,Review planned appliance use and avoid running non-essential high-energy devices simultaneously.
2010-10-18,1047.38,1494.38,2713.88,The forecast is more than 10% higher than the previous day's consumption.,Review planned appliance use and avoid running non-essential high-energy devices simultaneously.
2010-10-19,2713.88,1593.94,1925.98,The forecast is more than 10% lower than the previous day's consumption.,Continue monitoring consumption and switch off unused lights and appliances.
2010-10-20,1925.98,1778.36,1727.96,The forecast is within 10% of the previous day's consumption.,Maintain energy-saving habits and monitor daily electricity usage.
2010-10-21,1727.96,1835.46,1355.2,The forecast is within 10% of the previous day's consumption.,Maintain energy-saving habits and monitor daily electricity usage.
2010-10-22,1355.2,1576.57,1668.89,The forecast is more than 10% higher than the previous day's consumption.,Review planned appliance use and avoid running non-essential high-energy devices simultaneously.
2010-10-23,1668.89,2009.56,2293.24,The forecast is more than 10% higher than the previous day's consumption.,Review planned appliance use and avoid running non-essential high-energy devices simultaneously.
2010-10-24,2293.24,1920.05,2390.55,The forecast is more than 10% lower than the previous day's consumption.,Continue monitoring consumption and switch off unused lights and appliances.
2010-10-25,2390.55,1791.28,1163.29,The forecast is more than 10% lower than the previous day's consumption.,Continue monitoring consumption and switch off unused lights and appliances.
2010-10-26,1163.29,1685.45,945.9,The forecast is more than 10% higher than the previous day's consumption.,Review planned appliance use and avoid running non-essential high-energy devices simultaneously.
2010-10-27,945.9,1262.96,1260.28,The forecast is more than 10% higher than the previous day's consumption.,Review planned appliance use and avoid running non-essential high-energy devices simultaneously.
2010-10-28,1260.28,1523.15,1463.33,The forecast is more than 10% higher than the previous day's consumption.,Review planned appliance use and avoid running non-essential high-energy devices simultaneously.
2010-10-29,1463.33,1625.62,1204.42,The forecast is more than 10% higher than the previous day's consumption.,Review planned appliance use and avoid running non-essential high-energy devices simultaneously.
2010-10-30,1204.42,1560.24,2152.7,The forecast is more than 10% higher than the previous day's consumption.,Review planned appliance use and avoid running non-essential high-energy devices simultaneously.
2010-10-31,2152.7,1682.25,1476.43,The forecast is more than 10% lower than the previous day's consumption.,Continue monitoring consumption and switch off unused lights and appliances.
2010-11-01,1476.43,1606.03,1383.18,The forecast is within 10% of the previous day's consumption.,Maintain energy-saving habits and monitor daily electricity usage.
2010-11-02,1383.18,1703.95,1191.08,The forecast is more than 10% higher than the previous day's consumption.,Review planned appliance use and avoid running non-essential high-energy devices simultaneously.
2010-11-03,1191.08,1739.33,1293.3,The forecast is more than 10% higher than the previous day's consumption.,Review planned appliance use and avoid running non-essential high-energy devices simultaneously.
2010-11-04,1293.3,1601.82,2555.15,The forecast is more than 10% higher than the previous day's consumption.,Review planned appliance use and avoid running non-essential high-energy devices simultaneously.
2010-11-05,2555.15,1724.76,1736.09,The forecast is more than 10% lower than the previous day's consumption.,Continue monitoring consumption and switch off unused lights and appliances.
2010-11-06,1736.09,2309.06,1805.41,The forecast is more than 10% higher than the previous day's consumption.,Review planned appliance use and avoid running non-essential high-energy devices simultaneously.
2010-11-07,1805.41,2066.34,1673.82,The forecast is more than 10% higher than the previous day's consumption.,Review planned appliance use and avoid running non-essential high-energy devices simultaneously.
2010-11-08,1673.82,1663.55,1825.54,The forecast is within 10% of the previous day's consumption.,Maintain energy-saving habits and monitor daily electricity usage.
2010-11-09,1825.54,1658.1,2022.1,The forecast is within 10% of the previous day's consumption.,Maintain energy-saving habits and monitor daily electricity usage.
2010-11-10,2022.1,1618.9,1946.53,The forecast is more than 10% lower than the previous day's consumption.,Continue monitoring consumption and switch off unused lights and appliances.
2010-11-11,1946.53,1883.32,1773.59,The forecast is within 10% of the previous day's consumption.,Maintain energy-saving habits and monitor daily electricity usage.
2010-11-12,1773.59,1677.21,1836.82,The forecast is within 10% of the previous day's consumption.,Maintain energy-saving habits and monitor daily electricity usage.
2010-11-13,1836.82,2086.53,2023.17,The forecast is more than 10% higher than the previous day's consumption.,Review planned appliance use and avoid running non-essential high-energy devices simultaneously.
2010-11-14,2023.17,1999.13,2038.39,The forecast is within 10% of the previous day's consumption.,Maintain energy-saving habits and monitor daily electricity usage.
2010-11-15,2038.39,1682.08,1747.38,The forecast is more than 10% lower than the previous day's consumption.,Continue monitoring consumption and switch off unused lights and appliances.
2010-11-16,1747.38,1857.64,1509.75,The forecast is within 10% of the previous day's consumption.,Maintain energy-saving habits and monitor daily electricity usage.
2010-11-17,1509.75,1831.24,1582.03,The forecast is more than 10% higher than the previous day's consumption.,Review planned appliance use and avoid running non-essential high-energy devices simultaneously.
2010-11-18,1582.03,1686.39,1652.15,The forecast is within 10% of the previous day's consumption.,Maintain energy-saving habits and monitor daily electricity usage.
2010-11-19,1652.15,1810.87,1570.4,The forecast is within 10% of the previous day's consumption.,Maintain energy-saving habits and monitor daily electricity usage.
2010-11-20,1570.4,2200.68,2197.01,The forecast is more than 10% higher than the previous day's consumption.,Review planned appliance use and avoid running non-essential high-energy devices simultaneously.
2010-11-21,2197.01,1858.28,900.91,The forecast is more than 10% lower than the previous day's consumption.,Continue monitoring consumption and switch off unused lights and appliances.
2010-11-22,900.91,1072.99,2041.54,The forecast is more than 10% higher than the previous day's consumption.,Review planned appliance use and avoid running non-essential high-energy devices simultaneously.
2010-11-23,2041.54,1571.47,1577.54,The forecast is more than 10% lower than the previous day's consumption.,Continue monitoring consumption and switch off unused lights and appliances.
2010-11-24,1577.54,1677.77,1796.25,The forecast is within 10% of the previous day's consumption.,Maintain energy-saving habits and monitor daily electricity usage.
2010-11-25,1796.25,1732.33,1431.16,The forecast is within 10% of the previous day's consumption.,Maintain energy-saving habits and monitor daily electricity usage.
2010-11-26,1431.16,1732.36,1488.1,The forecast is more than 10% higher than the previous day's consumption.,Review planned appliance use and avoid running non-essential high-energy devices simultaneously.
