date,word_count,generation_success,within_100_words,mentions_forecast,avoids_unsupported_weather_claim,includes_action_language,all_automatic_checks_pass
2010-02-03,77,True,True,True,True,True,True
2010-02-04,75,True,True,True,True,True,True
2010-02-05,106,True,False,True,True,True,False
2010-02-06,88,True,True,True,True,True,True
2010-02-07,87,True,True,True,True,True,True
2010-02-08,88,True,True,True,True,True,True
2010-02-09,94,True,True,True,True,False,False
2010-02-10,83,True,True,True,True,True,True
2010-02-11,96,True,True,True,True,True,True
2010-02-12,79,True,True,True,True,True,True
2010-02-13,89,True,True,True,True,True,True
2010-02-14,70,True,True,True,True,True,True
2010-02-15,108,True,False,True,True,True,False
2010-02-16,97,True,True,True,True,False,False
2010-02-17,84,True,True,True,True,True,True
2010-02-18,73,True,True,True,True,True,True
2010-02-19,88,True,True,True,True,True,True
2010-02-20,80,True,True,True,True,True,True
2010-02-21,64,True,True,True,True,True,True
2010-02-22,100,True,True,True,True,True,True
