date,actual_consumption,forecast,previous_day_consumption,llm_explanation,generation_status
2010-02-03,2903.014,2231.9678481309525,2157.432,"The Random Forest forecast for February 3, 2010, is 2231.97 units, while the previous-day consumption was 2157.43 units. This indicates a forecasted increase of 74.54 units. However, it's essential to note that this is an estimate and not a guarantee of actual consumption.

To reduce electricity consumption, consider the following suggestions:

1. Adjust your thermostat to use less energy for heating and cooling.
2. Unplug appliances and electronics when not in use to eliminate standby power consumption.",success
2010-02-04,2316.27,1897.9728021309525,2903.014,"The Random Forest forecast for February 4th, 2010, is 1897.97 units, which is lower than the previous day's consumption of 2903.01 units. This suggests a potential decrease in electricity demand.

As the forecast is an estimate, it's essential to note that actual consumption may vary. To reduce energy usage, consider:

1. Adjusting thermostat settings to use less energy for heating and cooling.
2. Using energy-efficient lighting and appliances to minimize power consumption during peak hours.",success
2010-02-05,2098.892,1895.258310142857,2316.27,"The Random Forest forecast for February 5th, 2010, predicts electricity consumption at 1895.26 units. Comparing this to the previous day's consumption of 2316.27 units, it appears that the forecast is slightly underestimating the actual consumption. This discrepancy may be due to various factors, such as changes in household habits or unexpected usage patterns.

As the forecast is an estimate, not a guarantee, it's essential to take it with a grain of salt. To optimize energy usage, consider the following suggestions:

1. Adjust your thermostat to use less energy for heating and cooling.
2. Unplug appliances and electronics when not in use to reduce standby power consumption.",success
2010-02-06,2712.986,2221.329079071429,2098.892,"The Random Forest forecast for February 6, 2010, is 2221.33, which is higher than the previous day's consumption of 2098.89. This suggests that electricity demand is expected to increase on this day.

As an estimate, the forecast is not a guarantee of future consumption. However, it can serve as a guide for utilities and consumers to plan accordingly.

To reduce electricity consumption, consider:

1. Adjusting thermostat settings to use less energy for heating and cooling.
2. Running full loads in washing machines and dishwashers to optimize energy efficiency.",success
2010-02-07,1625.708,2571.3804710238096,2712.986,"The Random Forest forecast for February 7, 2010, is 2571.38 units, which is lower than the previous day's consumption of 2712.99 units. This suggests a potential decrease in electricity demand.

The forecast is an estimate and not a guarantee. However, it can serve as a guide for utilities and consumers to make informed decisions about energy usage.

To reduce electricity consumption, consider:

1. Adjusting thermostat settings to use less energy for heating and cooling.
2. Using energy-efficient lighting and appliances, which can help reduce overall energy usage.",success
2010-02-08,2582.238,1933.716388464285,1625.708,"The Random Forest forecast for February 8th, 2010, is 1933.72 units, while the previous-day consumption was 1625.71 units. This indicates a forecasted increase in electricity demand of approximately 307.99 units. While this forecast is based on historical data and statistical models, it's essential to note that it's an estimate and not a guarantee of future consumption.

To reduce electricity demand, consider:

1. Adjusting thermostat settings to use less energy for heating and cooling.
2. Running full loads in washing machines and dishwashers to minimize the number of cycles.",success
2010-02-09,2420.932,2058.433571198413,2582.238,"The Random Forest forecast for February 9th, 2010, is 2058.43, while the previous-day consumption was 2582.24. This suggests that the forecast is indicating a decrease in electricity demand compared to the previous day.

As an estimate, the forecast is not a guarantee of future consumption. However, it can serve as a useful guide for planning and resource allocation.

To make the most of this forecast, consider the following practical suggestions:

1. Adjust your energy usage to match the forecast, if possible.
2. Plan your energy-intensive activities for periods when the forecast suggests higher demand.",success
2010-02-10,1944.542,2432.323728642857,2420.932,"The Random Forest forecast for February 10, 2010, is 2432.32 units, which is slightly higher than the previous day's consumption of 2420.93 units. This suggests a potential increase in electricity demand.

The forecast is an estimate and may not accurately reflect actual consumption. However, it can serve as a useful guide for planning and resource allocation.

To reduce electricity consumption, consider:

1. Adjusting thermostat settings to use less energy for heating and cooling.
2. Using energy-efficient lighting and appliances to minimize power usage.",success
2010-02-11,1369.768,2206.6473678095244,1944.542,"The Random Forest forecast for February 11, 2010, is 2206.65, which is higher than the previous day's consumption of 1944.54. This suggests that electricity demand is expected to increase on this day.

The forecast is an estimate and should be taken as a prediction rather than a guarantee. There may be factors not accounted for in the model that could affect actual demand.

To reduce electricity consumption, consider:

* Turning off lights, electronics, and appliances when not in use to minimize standby power consumption.
* Adjusting thermostat settings to use less energy for heating and cooling.",success
2010-02-12,1892.998,1817.395792388889,1369.768,"The Random Forest forecast for February 12, 2010, predicts electricity consumption at 1817.40 units. Compared to the previous day's consumption of 1369.77 units, the forecast suggests a moderate increase in electricity usage. However, it's essential to note that this is an estimate and not a guarantee. The actual consumption may vary.

To reduce electricity usage, consider:

1. Adjusting your thermostat to use less energy for heating and cooling.
2. Using energy-efficient lighting, such as LED bulbs, for daily use.",success
2010-02-13,2351.556,2255.89816934127,1892.998,"The Random Forest forecast for February 13, 2010, is 2255.90, which is higher than the previous day's consumption of 1893.00. This suggests that electricity demand is expected to increase on this day.

As the forecast is an estimate, it's not a guarantee of future consumption. However, it can serve as a guide for utilities and consumers to plan accordingly.

To reduce electricity consumption, consider:

1. Adjusting thermostat settings to use less energy for heating and cooling.
2. Running full loads in washing machines and dishwashers to optimize energy usage.",success
2010-02-14,1686.698,2421.868156321429,2351.556,"The Random Forest forecast for February 14, 2010, is 2421.87 units, while the previous-day consumption was 2351.56 units. This suggests a forecast error of approximately 70 units. The forecast is an estimate, not a guarantee, and actual consumption may vary.

To reduce electricity consumption, consider:

1. Adjusting thermostat settings to use less energy for heating and cooling.
2. Using energy-efficient lighting, such as LED bulbs, to reduce lighting energy consumption.",success
2010-02-15,2097.132,1899.9749158095249,1686.698,"The Random Forest forecast for February 15, 2010, is 1899.97, which is higher than the previous day's consumption of 1686.70. This suggests that electricity demand may be increasing, possibly due to increased usage of appliances or other factors not accounted for in the forecast.

Please note that the forecast is an estimate and not a guarantee of future consumption. It's essential to take this forecast with a grain of salt and consider other factors that may influence electricity demand.

To reduce electricity consumption, consider:

1. Adjusting thermostat settings to use less energy for heating and cooling.
2. Using power-efficient appliances and turning them off when not in use.",success
2010-02-16,1797.756,1884.1446967023808,2097.132,"The Random Forest forecast for February 16th, 2010, predicts electricity consumption at 1884.14 units. Compared to the previous day's consumption of 2097.13 units, the forecast suggests a decrease of approximately 213 units. This represents a reduction of about 10.2% from the previous day's consumption.

As the forecast is an estimate, not a guarantee, it's essential to note that actual consumption may vary. To make the most of this forecast, consider the following practical suggestions:

1. Adjust your energy usage to match the forecast, if possible.
2. Monitor your energy consumption closely to identify areas for potential optimization.",success
2010-02-17,2054.56,1901.6874325476192,1797.756,"The Random Forest forecast of 1901.69 is higher than the previous-day consumption of 1797.76. This suggests that the forecast is predicting an increase in electricity demand compared to the previous day.

The forecast is an estimate, not a guarantee, and actual consumption may vary. To make the most of this forecast, consider implementing electricity-saving measures. Two practical suggestions include:

* Adjusting thermostat settings to reduce heating and cooling demands.
* Encouraging employees to work from home or adjust their schedules to reduce peak demand.",success
2010-02-18,1761.156,1659.4861360443726,2054.56,"The Random Forest forecast for February 18, 2010, is 1659.49 units of electricity consumption. Comparing this to the previous day's consumption of 2054.56 units, the forecast suggests a decrease in electricity usage. However, the actual consumption may vary.

Practical suggestions to reduce electricity usage include:

* Turning off lights, electronics, and appliances when not in use to minimize standby power consumption.
* Adjusting thermostat settings to use less energy for heating and cooling.",success
2010-02-19,1953.572,1897.925153511905,1761.156,"The Random Forest forecast for February 19, 2010, is 1897.93, which is higher than the previous day's consumption of 1761.16. This suggests that electricity demand is expected to increase on this day.

The forecast is an estimate and should be used as a guide rather than a guarantee. There may be factors not accounted for that could affect actual consumption.

To reduce electricity usage, consider:

* Turning off lights, electronics, and appliances when not in use.
* Adjusting thermostat settings to use less energy for heating and cooling.",success
2010-02-20,1983.728,2209.165516333333,1953.572,"The Random Forest forecast for February 20, 2010, is 2209.17, while the previous-day consumption was 1953.57. The forecast is higher than the previous day's consumption, indicating a potential increase in electricity demand. However, it's essential to note that this is an estimate and not a guarantee.

To reduce electricity consumption, consider the following suggestions:

1. Adjust your thermostat to use less energy for heating and cooling.
2. Run full loads in your washing machine and dishwasher to optimize energy usage.",success
2010-02-21,2740.314,2229.102946285714,1983.728,"The Random Forest forecast for February 21, 2010, is 2229.10, while the previous-day consumption was 1983.73. This suggests a forecast error of approximately 245.37 units. The forecast is an estimate, not a guarantee, and actual consumption may vary.

To optimize electricity usage, consider:

1. Adjusting thermostat settings to reduce heating and cooling demands.
2. Running energy-efficient appliances during off-peak hours to minimize peak demand.",success
2010-02-22,1474.036,1859.4401374761903,2740.314,"The Random Forest forecast for February 22nd, 2010, is 1859.44, which is lower than the previous day's consumption of 2740.31. This suggests a potential decrease in electricity usage today.

The forecast is an estimate and may not accurately reflect actual consumption. However, it can serve as a guide for utilities and households to plan and manage their energy usage.

To make the most of this forecast, consider the following suggestions:

1. Adjust your thermostat to a slightly lower temperature to reduce heating demand.
2. Run full loads in the dishwasher and washing machine to maximize energy efficiency during peak hours.",success
