loss,val_loss
0.0696791261434555,0.029233401641249657
0.02535547874867916,0.013188398443162441
0.022312745451927185,0.010854590684175491
0.020058076828718185,0.00997693371027708
0.019237210974097252,0.009282655082643032
0.018151577562093735,0.008611802011728287
0.019594188779592514,0.008389991708099842
0.017932791262865067,0.008509610779583454
0.01732429303228855,0.007947864942252636
0.017361098900437355,0.008829143829643726
0.01708981767296791,0.009499500505626202
0.017200985923409462,0.008657601661980152
0.01751452125608921,0.009253174997866154
0.017521239817142487,0.00824008695781231
0.017316756770014763,0.008803077973425388
0.01759854145348072,0.008204215206205845
0.01628713868558407,0.009037942625582218
