date,actual_consumption,lstm_prediction
2010-01-11,1518.684,1992.7114
2010-01-12,1282.538,1993.8186
2010-02-03,2903.014,2065.6165
2010-02-04,2316.27,2072.9773
2010-02-05,2098.892,2086.7268
2010-02-06,2712.986,2096.3315
2010-02-07,1625.708,2112.1667
2010-02-08,2582.238,2116.2856
2010-02-09,2420.932,2129.462
2010-02-10,1944.542,2132.8948
2010-02-11,1369.768,2118.7476
2010-02-12,1892.998,2099.7534
2010-02-13,2351.556,2076.5107
2010-02-14,1686.698,2059.624
2010-02-15,2097.132,2052.68
2010-02-16,1797.756,2048.5972
2010-02-17,2054.56,2036.9897
2010-02-18,1761.156,2019.5312
2010-02-19,1953.572,2001.9562
2010-02-20,1983.728,1993.6041
2010-02-21,2740.314,1968.5654
2010-02-22,1474.036,1985.8354
2010-02-23,1461.28,1968.5073
2010-02-24,1914.278,1952.0774
2010-02-25,1880.204,1935.8875
2010-02-26,2120.156,1930.7793
2010-02-27,1765.056,1930.5112
2010-02-28,711.666,1917.2468
2010-03-01,1298.728,1888.9019
2010-03-02,766.9060000000001,1851.3823
2010-03-03,935.834,1803.7225
2010-03-04,682.88,1751.5411
2010-03-05,1133.726,1692.9233
2010-03-06,794.712,1637.3376
2010-03-07,1372.472,1580.6608
2010-03-08,2557.098,1521.7896
2010-03-09,1760.112,1529.1769
2010-03-10,1822.632,1526.7018
2010-03-11,1951.09,1532.0988
2010-03-12,1645.424,1553.1945
2010-03-13,2383.01,1570.0765
2010-03-14,1566.714,1608.7784
2010-03-15,1791.85,1659.1726
2010-03-16,1542.65,1694.2069
2010-03-17,2009.13,1725.0535
2010-03-18,1562.682,1743.5695
2010-03-19,1663.384,1754.9518
2010-03-20,131.732,1750.7621
2010-03-21,917.282,1710.0261
2010-03-22,1618.59,1659.8058
2010-03-23,1822.162,1608.1986
2010-03-24,1994.752,1595.6486
2010-03-25,1679.884,1594.6449
2010-03-26,1651.284,1587.6921
2010-03-27,1847.97,1589.0641
2010-03-28,1798.214,1579.761
2010-03-29,1622.738,1597.9412
2010-03-30,1906.454,1600.8608
2010-03-31,1923.802,1621.0902
2010-04-01,1687.44,1641.0522
2010-04-02,1648.622,1657.4304
2010-04-03,1805.278,1667.2225
2010-04-04,1690.388,1702.1246
2010-04-05,1118.82,1707.5785
2010-04-06,1825.852,1679.5337
2010-04-07,1596.982,1654.6976
2010-04-08,1649.22,1617.017
2010-04-09,1233.35,1597.2925
2010-04-10,1190.208,1572.3136
2010-04-11,1602.81,1544.9718
2010-04-12,1439.426,1515.6868
2010-04-13,1512.704,1495.3087
2010-04-14,1660.364,1477.7769
2010-04-15,1872.178,1474.6254
2010-04-16,1562.062,1488.0679
2010-04-17,1557.712,1504.7908
2010-04-18,1476.106,1517.1852
2010-04-19,1708.594,1532.8336
2010-04-20,1833.628,1553.8602
2010-04-21,1579.914,1563.8019
2010-04-22,1460.904,1573.6322
2010-04-23,1180.536,1571.7433
2010-04-24,1518.418,1567.0596
2010-04-25,1542.742,1560.7833
2010-04-26,1082.716,1557.348
2010-04-27,1250.94,1547.0721
2010-04-28,867.858,1533.7979
2010-04-29,1103.724,1512.9753
2010-04-30,1118.628,1482.2329
2010-05-01,1320.158,1445.3434
2010-05-02,2187.91,1412.0251
2010-05-03,1411.302,1408.1295
2010-05-04,1516.96,1395.7788
2010-05-05,1805.308,1389.9384
2010-05-06,1299.25,1397.2751
2010-05-07,1644.004,1401.8429
2010-05-08,1533.422,1418.284
2010-05-09,1566.51,1426.8971
2010-05-10,1467.892,1437.5317
2010-05-11,1571.368,1453.4613
2010-05-12,2035.418,1475.9574
2010-05-13,1552.496,1520.3035
2010-05-14,1722.146,1543.946
2010-05-15,1944.772,1561.0814
2010-05-16,2100.426,1580.8037
2010-05-17,1628.182,1591.9381
2010-05-18,1421.184,1606.1981
2010-05-19,1426.752,1612.422
2010-05-20,1153.898,1608.0677
2010-05-21,1294.396,1591.9043
2010-05-22,2095.772,1562.3197
2010-05-23,1487.556,1554.7075
2010-05-24,1341.332,1538.0697
2010-05-25,1198.626,1524.0847
2010-05-26,1387.884,1500.9104
2010-05-27,1323.342,1459.5771
2010-05-28,1398.164,1435.5304
2010-05-29,2049.808,1418.1437
2010-05-30,1665.7,1414.2924
2010-05-31,1340.462,1410.2009
2010-06-01,1268.964,1407.7748
2010-06-02,980.898,1392.0005
2010-06-03,1394.186,1367.6512
2010-06-04,1420.554,1357.2891
2010-06-05,2009.644,1345.8864
2010-06-06,1746.792,1336.1501
2010-06-07,1012.082,1341.6227
2010-06-08,1362.034,1339.7948
2010-06-09,1534.682,1346.9429
2010-06-10,1215.19,1360.949
2010-06-11,1470.672,1364.4772
2010-06-12,1973.108,1369.7421
2010-06-13,1674.356,1377.3969
2010-06-14,1217.984,1394.717
2010-06-15,1223.966,1403.9963
2010-06-16,1768.092,1405.3146
2010-06-17,1028.018,1424.2094
2010-06-18,1332.316,1418.6512
2010-06-19,1416.22,1409.3146
2010-06-20,1672.55,1387.5944
2010-06-21,1660.89,1377.3511
2010-06-22,1520.588,1384.0762
2010-06-23,1442.064,1383.4146
2010-06-24,1095.78,1374.9132
2010-06-25,1099.438,1360.1967
2010-06-26,981.62,1334.1964
2010-06-27,1139.964,1294.1116
2010-06-28,1471.34,1259.1487
2010-06-29,1367.296,1246.5765
2010-06-30,1384.136,1236.8735
2010-07-01,1349.002,1225.7887
2010-07-02,1140.928,1231.8644
2010-07-03,1120.074,1233.7573
2010-07-04,1538.088,1223.8578
2010-07-05,1113.99,1218.0477
2010-07-06,1005.934,1202.5981
2010-07-07,834.788,1179.4257
2010-07-08,1212.652,1147.0756
2010-07-09,1083.478,1132.9749
2010-07-10,1154.504,1119.6039
2010-07-11,1193.572,1117.357
2010-07-12,1109.574,1112.7792
2010-07-13,1382.114,1098.2659
2010-07-14,1409.472,1099.969
2010-07-15,1633.162,1109.327
2010-07-16,820.056,1128.858
2010-07-17,806.352,1132.9713
2010-07-18,812.038,1126.2407
2010-07-19,801.158,1102.4598
2010-07-20,855.824,1085.9177
2010-07-21,1064.166,1071.4545
2010-07-22,1164.446,1062.489
2010-07-23,1176.158,1051.1356
2010-07-24,921.668,1049.9568
2010-07-25,1130.41,1037.9352
2010-07-26,884.15,1034.8777
2010-07-27,952.36,1029.551
2010-07-28,862.654,1013.3217
2010-07-29,549.104,995.154
2010-07-30,551.26,965.8224
2010-07-31,554.616,952.2526
2010-08-01,555.664,934.86865
2010-08-02,549.482,917.3016
2010-08-03,615.212,899.4767
2010-08-04,543.356,880.8545
2010-08-05,533.476,857.0815
2010-08-06,524.746,827.12915
2010-08-07,527.476,802.58264
2010-08-08,528.46,786.6833
2010-08-09,535.064,766.2041
2010-08-10,544.758,749.0281
2010-08-11,542.002,735.69885
2010-08-12,529.698,722.58954
2010-08-13,534.294,723.62115
2010-08-14,554.27,725.399
2010-08-15,1055.986,729.42224
2010-08-16,1129.73,751.8233
2010-08-17,978.202,785.1012
2010-09-05,1323.018,1271.1263
2010-09-06,1422.876,1304.3293
2010-09-07,1451.854,1317.8749
2010-09-08,1303.812,1325.9598
2010-09-09,1238.714,1324.4878
2010-09-10,1328.108,1334.5449
2010-09-11,1463.31,1322.4656
2010-09-12,1612.092,1327.972
2010-09-13,1076.32,1345.0391
2010-09-14,1430.678,1348.8441
2010-09-15,986.094,1358.6177
2010-09-16,1339.738,1352.6056
2010-09-17,1497.608,1351.173
2010-09-18,1247.946,1355.833
2010-09-19,919.6,1347.4772
2010-09-20,1682.832,1334.5854
2010-09-21,1111.376,1338.5228
2010-09-22,1510.394,1334.122
2010-09-23,1449.862,1332.4271
2010-09-24,1327.992,1330.69
2010-09-25,106.006,1326.3212
2010-10-16,1000.014,1651.4065
2010-10-17,1047.382,1638.6752
2010-10-18,2713.884,1606.733
2010-10-19,1925.978,1613.823
2010-10-20,1727.964,1625.6359
2010-10-21,1355.198,1646.5917
2010-10-22,1668.892,1643.4651
2010-10-23,2293.236,1652.2896
2010-10-24,2390.548,1669.7435
2010-10-25,1163.292,1688.6517
2010-10-26,945.904,1687.5138
2010-10-27,1260.278,1663.6249
2010-10-28,1463.326,1623.4878
2010-10-29,1204.422,1588.7169
2010-10-30,2152.7,1562.5558
2010-10-31,1476.43,1572.8281
2010-11-01,1383.18,1585.7664
2010-11-02,1191.082,1566.8629
2010-11-03,1293.298,1561.105
2010-11-04,2555.146,1553.8508
2010-11-05,1736.088,1577.769
2010-11-06,1805.408,1592.3158
2010-11-07,1673.816,1604.2444
2010-11-08,1825.54,1615.2588
2010-11-09,2022.098,1654.9906
2010-11-10,1946.534,1694.995
2010-11-11,1773.592,1725.0797
2010-11-12,1836.822,1744.6904
2010-11-13,2023.174,1755.452
2010-11-14,2038.392,1751.6016
2010-11-15,1747.382,1761.9498
2010-11-16,1509.748,1769.475
2010-11-17,1582.032,1771.6761
2010-11-18,1652.152,1766.5883
2010-11-19,1570.4,1739.339
2010-11-20,2197.006,1734.1171
2010-11-21,900.91,1739.91
2010-11-22,2041.536,1726.9506
2010-11-23,1577.536,1711.4183
2010-11-24,1796.248,1694.0737
2010-11-25,1431.164,1691.859
2010-11-26,1488.104,1690.2938
