date,actual_consumption,persistence_prediction,random_forest_prediction
2010-02-03,2903.014,2157.432,2231.9678481309525
2010-02-04,2316.27,2903.014,1897.9728021309525
2010-02-05,2098.892,2316.27,1895.258310142857
2010-02-06,2712.986,2098.892,2221.329079071429
2010-02-07,1625.708,2712.986,2571.3804710238096
2010-02-08,2582.238,1625.708,1933.716388464285
2010-02-09,2420.932,2582.238,2058.433571198413
2010-02-10,1944.542,2420.932,2432.3237286428575
2010-02-11,1369.768,1944.542,2206.6473678095244
2010-02-12,1892.998,1369.768,1817.395792388889
2010-02-13,2351.556,1892.998,2255.89816934127
2010-02-14,1686.698,2351.556,2421.8681563214295
2010-02-15,2097.132,1686.698,1899.9749158095249
2010-02-16,1797.756,2097.132,1884.1446967023812
2010-02-17,2054.56,1797.756,1901.6874325476192
2010-02-18,1761.156,2054.56,1659.4861360443726
2010-02-19,1953.572,1761.156,1897.9251535119047
2010-02-20,1983.728,1953.572,2209.1655163333326
2010-02-21,2740.314,1983.728,2229.102946285714
2010-02-22,1474.036,2740.314,1859.4401374761903
2010-02-23,1461.28,1474.036,1824.0339711349213
2010-02-24,1914.278,1461.28,1939.0293211865087
2010-02-25,1880.204,1914.278,1744.1528006428562
2010-02-26,2120.156,1880.204,1924.8833433174618
2010-02-27,1765.056,2120.156,2558.9809485
2010-02-28,711.666,1765.056,2032.0632798055556
2010-03-01,1298.728,711.666,891.4847574047624
2010-03-02,766.9060000000001,1298.728,1556.6121825436505
2010-03-03,935.834,766.9060000000001,1014.3176411904763
2010-03-04,682.88,935.834,1356.875464511905
2010-03-05,1133.726,682.88,1151.5946519166669
2010-03-06,794.712,1133.726,1354.8265089166664
2010-03-07,1372.472,794.712,1420.4378129960312
2010-03-08,2557.098,1372.472,1538.7125245119037
2010-03-09,1760.112,2557.098,1766.1590017936512
2010-03-10,1822.632,1760.112,1594.492645515872
2010-03-11,1951.09,1822.632,1549.2416710476195
2010-03-12,1645.424,1951.09,1589.0002065595236
2010-03-13,2383.01,1645.424,2172.8976334206363
2010-03-14,1566.714,2383.01,2282.7100548412695
2010-03-15,1791.85,1566.714,1853.435426246032
2010-03-16,1542.65,1791.85,1790.4869464761907
2010-03-17,2009.13,1542.65,1791.5570107500005
2010-03-18,1562.682,2009.13,1744.9732042857158
2010-03-19,1663.384,1562.682,1708.9970849206354
2010-03-20,131.732,1663.384,1965.5641765952378
2010-03-21,917.282,131.732,677.0050415119043
2010-03-22,1618.59,917.282,1313.4846703809524
2010-03-23,1822.162,1618.59,1469.433541595238
2010-03-24,1994.752,1822.162,1497.3117836865076
2010-03-25,1679.884,1994.752,1591.7254973571441
2010-03-26,1651.284,1679.884,1614.9113983690474
2010-03-27,1847.97,1651.284,1829.5444032023804
2010-03-28,1798.214,1847.97,2058.920344781745
2010-03-29,1622.738,1798.214,1630.5394139563482
2010-03-30,1906.454,1622.738,1739.6943399285706
2010-03-31,1923.802,1906.454,1833.9908475119048
2010-04-01,1687.44,1923.802,1518.1559257698405
2010-04-02,1648.622,1687.44,1707.8957115119053
2010-04-03,1805.278,1648.622,2022.3453384404745
2010-04-04,1690.388,1805.278,1918.0989730277768
2010-04-05,1118.82,1690.388,1537.7376211865082
2010-04-06,1825.852,1118.82,1553.3150750238106
2010-04-07,1596.982,1825.852,1638.909532214285
2010-04-08,1649.22,1596.982,1399.2052573452377
2010-04-09,1233.35,1649.22,1458.3413389999994
2010-04-10,1190.208,1233.35,1685.9249882142858
2010-04-11,1602.81,1190.208,1612.9137131349207
2010-04-12,1439.426,1602.81,1309.9271168571427
2010-04-13,1512.704,1439.426,1486.4031684675333
2010-04-14,1660.364,1512.704,1438.2932306904765
2010-04-15,1872.178,1660.364,1545.2119666190465
2010-04-16,1562.062,1872.178,1485.309805964286
2010-04-17,1557.712,1562.062,1715.6947667738111
2010-04-18,1476.106,1557.712,1821.213288690478
2010-04-19,1708.594,1476.106,1525.1153218650788
2010-04-20,1833.628,1708.594,1509.8922426269846
2010-04-21,1579.914,1833.628,1624.6148624523817
2010-04-22,1460.904,1579.914,1542.8683841190477
2010-04-23,1180.536,1460.904,1504.13200084127
2010-04-24,1518.418,1180.536,1604.8927599999997
2010-04-25,1542.742,1518.418,1637.7482122182555
2010-04-26,1082.716,1542.742,1406.051810869048
2010-04-27,1250.94,1082.716,1279.099087011905
2010-04-28,867.858,1250.94,1498.9585402261896
2010-04-29,1103.724,867.858,1188.007295123016
2010-04-30,1118.628,1103.724,1244.1135112380955
2010-05-01,1320.158,1118.628,1405.7837861984124
2010-05-02,2187.91,1320.158,1356.8541688787873
2010-05-03,1411.302,2187.91,1187.17403697619
2010-05-04,1516.96,1411.302,1242.3741593084414
2010-05-05,1805.308,1516.96,1252.9766903333327
2010-05-06,1299.25,1805.308,1244.2700658928575
2010-05-07,1644.004,1299.25,1413.3585856349207
2010-05-08,1533.422,1644.004,1765.9707337023822
2010-05-09,1566.51,1533.422,1801.6292320158727
2010-05-10,1467.892,1566.51,1549.1255279484137
2010-05-11,1571.368,1467.892,1598.5611268174596
2010-05-12,2035.418,1571.368,1619.4334119047608
2010-05-13,1552.496,2035.418,1614.9122964047626
2010-05-14,1722.146,1552.496,1599.865473892857
2010-05-15,1944.772,1722.146,1711.4926959404768
2010-05-16,2100.426,1944.772,1674.3872739285712
2010-05-17,1628.182,2100.426,1524.255905112913
2010-05-18,1421.184,1628.182,1618.929542674602
2010-05-19,1426.752,1421.184,1680.4627180595241
2010-05-20,1153.898,1426.752,1631.646991325397
2010-05-21,1294.396,1153.898,1536.6312663452375
2010-05-22,2095.772,1294.396,1605.6994224404773
2010-05-23,1487.556,2095.772,1706.2313311626986
2010-05-24,1341.332,1487.556,1476.387134300865
2010-05-25,1198.626,1341.332,1282.248043523809
2010-05-26,1387.884,1198.626,1467.356683833334
2010-05-27,1323.342,1387.884,1282.685779575397
2010-05-28,1398.164,1323.342,1312.7461815357142
2010-05-29,2049.808,1398.164,1697.2714339960312
2010-05-30,1665.7,2049.808,1616.6560540119053
2010-05-31,1340.462,1665.7,1282.4569079523817
2010-06-01,1268.964,1340.462,1324.7678211428577
2010-06-02,980.898,1268.964,1385.0253308928575
2010-06-03,1394.186,980.898,1261.8325940674604
2010-06-04,1420.554,1394.186,1421.2269118452377
2010-06-05,2009.644,1420.554,1629.3274675119046
2010-06-06,1746.792,2009.644,1532.5389788888883
2010-06-07,1012.082,1746.792,1377.1661972380953
2010-06-08,1362.034,1012.082,1394.8424012023804
2010-06-09,1534.682,1362.034,1308.5657933690468
2010-06-10,1215.19,1534.682,1302.1913011893937
2010-06-11,1470.672,1215.19,1546.0549822380956
2010-06-12,1973.108,1470.672,1712.8230060436501
2010-06-13,1674.356,1973.108,1618.7486977976193
2010-06-14,1217.984,1674.356,1219.7855258333343
2010-06-15,1223.966,1217.984,1473.5241288095242
2010-06-16,1768.092,1223.966,1571.543732305555
2010-06-17,1028.018,1768.092,1332.085972357143
2010-06-18,1332.316,1028.018,1371.0854050436499
2010-06-19,1416.22,1332.316,1600.4646268174606
2010-06-20,1672.55,1416.22,1674.748018670636
2010-06-21,1660.89,1672.55,1329.3110346825401
2010-06-22,1520.588,1660.89,1360.922441440477
2010-06-23,1442.064,1520.588,1428.14160443254
2010-06-24,1095.78,1442.064,1311.5723562738099
2010-06-25,1099.438,1095.78,1281.1745847341265
2010-06-26,981.62,1099.438,1417.4643015357142
2010-06-27,1139.964,981.62,1386.786244079365
2010-06-28,1471.34,1139.964,1211.6740527976194
2010-06-29,1367.296,1471.34,1214.1458713073598
2010-06-30,1384.136,1367.296,1225.56148675
2010-07-01,1349.002,1384.136,1190.852145003968
2010-07-02,1140.928,1349.002,1211.3017416666669
2010-07-03,1120.074,1140.928,1248.7020817142857
2010-07-04,1538.088,1120.074,1201.26351731746
2010-07-05,1113.99,1538.088,1291.8112281031736
2010-07-06,1005.934,1113.99,1119.0658002261905
2010-07-07,834.788,1005.934,1066.5202115079367
2010-07-08,1212.652,834.788,956.2546795357143
2010-07-09,1083.478,1212.652,1059.2371780912695
2010-07-10,1154.504,1083.478,1128.2710128650795
2010-07-11,1193.572,1154.504,1211.9241008986285
2010-07-12,1109.574,1193.572,1042.6108167222226
2010-07-13,1382.114,1109.574,1011.7052550595239
2010-07-14,1409.472,1382.114,1054.1477851428579
2010-07-15,1633.162,1409.472,1101.7779370317462
2010-07-16,820.056,1633.162,1160.4652120714288
2010-07-17,806.352,820.056,1084.0582568495665
2010-07-18,812.038,806.352,1073.44308797619
2010-07-19,801.158,812.038,985.8383210714287
2010-07-20,855.824,801.158,981.7411384523808
2010-07-21,1064.166,855.824,951.7481097499999
2010-07-22,1164.446,1064.166,1021.726536531746
2010-07-23,1176.158,1164.446,1017.4545798531746
2010-07-24,921.668,1176.158,1130.563827821429
2010-07-25,1130.41,921.668,1078.547184761905
2010-07-26,884.15,1130.41,976.0877577380952
2010-07-27,952.36,884.15,998.3397550000005
2010-07-28,862.654,952.36,1064.155866535715
2010-07-29,549.104,862.654,962.1693176428575
2010-07-30,551.26,549.104,730.1332064880957
2010-07-31,554.616,551.26,642.1903268015872
2010-08-01,555.664,554.616,622.0957696666663
2010-08-02,549.482,555.664,612.3765671150791
2010-08-03,615.212,549.482,577.0505720992061
2010-08-04,543.356,615.212,795.0353951825399
2010-08-05,533.476,543.356,650.6194273968252
2010-08-06,524.746,533.476,680.0283914285718
2010-08-07,527.476,524.746,640.2331494841268
2010-08-08,528.46,527.476,668.9900144365076
2010-08-09,535.064,528.46,686.3590326071433
2010-08-10,544.758,535.064,643.093049059524
2010-08-11,542.002,544.758,664.4805915674602
2010-08-12,529.698,542.002,664.4134212301585
2010-08-13,534.294,529.698,732.3111225000002
2010-08-14,554.27,534.294,737.0495376071432
2010-08-15,1055.986,554.27,751.9579946984127
2010-08-16,1129.73,1055.986,961.9327502142859
2010-08-17,978.202,1129.73,980.0826748809524
2010-08-29,1668.48,1442.856,1186.2656938373018
2010-08-30,1494.802,1668.48,1060.237050607143
2010-08-31,1365.106,1494.802,1178.0457407976194
2010-09-01,1593.318,1365.106,1332.7877850039688
2010-09-02,1392.492,1593.318,1291.989092484127
2010-09-03,1346.414,1392.492,1554.4973947777771
2010-09-04,1743.84,1346.414,1375.4480955595236
2010-09-05,1323.018,1743.84,1591.01348202381
2010-09-06,1422.876,1323.018,1376.8405098928579
2010-09-07,1451.854,1422.876,1407.5807943441562
2010-09-08,1303.812,1451.854,1457.4450038928571
2010-09-09,1238.714,1303.812,1348.4258305357146
2010-09-10,1328.108,1238.714,1467.6728239166675
2010-09-11,1463.31,1328.108,1586.7129668333332
2010-09-12,1612.092,1463.31,1619.068072043651
2010-09-13,1076.32,1612.092,1325.285451460318
2010-09-14,1430.678,1076.32,1329.6825220465366
2010-09-15,986.094,1430.678,1441.712855107143
2010-09-16,1339.738,986.094,1333.902895690476
2010-09-17,1497.608,1339.738,1271.9445729642855
2010-09-18,1247.946,1497.608,1578.7685517817465
2010-09-19,919.6,1247.946,1492.0811367380945
2010-09-20,1682.832,919.6,1250.5831804805193
2010-09-21,1111.376,1682.832,1282.8380211785716
2010-09-22,1510.394,1111.376,1265.1000310119045
2010-09-23,1449.862,1510.394,1347.8820752132033
2010-09-24,1327.992,1449.862,1500.204258666666
2010-09-25,106.006,1327.992,1398.0346701071426
2010-10-05,1854.624,1775.96,1510.0919513452393
2010-10-06,1315.456,1854.624,1657.646850964285
2010-10-07,1809.954,1315.456,1515.667271742063
2010-10-08,1510.456,1809.954,1711.6905356547618
2010-10-09,1611.78,1510.456,1733.324646976191
2010-10-10,1998.904,1611.78,1775.1188762777786
2010-10-11,1622.59,1998.904,1463.319949002165
2010-10-12,1579.692,1622.59,1751.0372718690473
2010-10-13,2073.886,1579.692,1538.035727392858
2010-10-14,2135.122,2073.886,1683.7127123333341
2010-10-15,1596.324,2135.122,1568.0202848113277
2010-10-16,1000.014,1596.324,2095.2104539484135
2010-10-17,1047.382,1000.014,1864.47020870635
2010-10-18,2713.884,1047.382,1494.3800396190477
2010-10-19,1925.978,2713.884,1593.935946261905
2010-10-20,1727.964,1925.978,1778.3633786547634
2010-10-21,1355.198,1727.964,1835.460130071429
2010-10-22,1668.892,1355.198,1576.573155226189
2010-10-23,2293.236,1668.892,2009.5565968452383
2010-10-24,2390.548,2293.236,1920.0514314761922
2010-10-25,1163.292,2390.548,1791.2831097857147
2010-10-26,945.904,1163.292,1685.4544715238092
2010-10-27,1260.278,945.904,1262.9562233333331
2010-10-28,1463.326,1260.278,1523.151631177489
2010-10-29,1204.422,1463.326,1625.6227325119046
2010-10-30,2152.7,1204.422,1560.2364365595233
2010-10-31,1476.43,2152.7,1682.246721761904
2010-11-01,1383.18,1476.43,1606.0297996291483
2010-11-02,1191.082,1383.18,1703.952030180736
2010-11-03,1293.298,1191.082,1739.3324638214287
2010-11-04,2555.146,1293.298,1601.8230328116883
2010-11-05,1736.088,2555.146,1724.7562654285712
2010-11-06,1805.408,1736.088,2309.0599999999995
2010-11-07,1673.816,1805.408,2066.3354283531767
2010-11-08,1825.54,1673.816,1663.5472358690467
2010-11-09,2022.098,1825.54,1658.1020423611117
2010-11-10,1946.534,2022.098,1618.902719670636
2010-11-11,1773.592,1946.534,1883.3176916666657
2010-11-12,1836.822,1773.592,1677.206854210317
2010-11-13,2023.174,1836.822,2086.53126656746
2010-11-14,2038.392,2023.174,1999.1290899603182
2010-11-15,1747.382,2038.392,1682.0787727976194
2010-11-16,1509.748,1747.382,1857.63733266342
2010-11-17,1582.032,1509.748,1831.2431587619033
2010-11-18,1652.152,1582.032,1686.3885395238092
2010-11-19,1570.4,1652.152,1810.867148761904
2010-11-20,2197.006,1570.4,2200.683990642856
2010-11-21,900.91,2197.006,1858.2759741904765
2010-11-22,2041.536,900.91,1072.9893120595236
2010-11-23,1577.536,2041.536,1571.466475746031
2010-11-24,1796.248,1577.536,1677.774875952379
2010-11-25,1431.164,1796.248,1732.3331149047622
2010-11-26,1488.104,1431.164,1732.3612349404739
