date,actual_consumption,predicted_consumption
2010-02-08,2582.238,1877.4501570428104
2010-02-09,2420.932,2094.778777879811
2010-02-10,1944.542,2088.5559018083954
2010-02-11,1369.768,2124.3573968338087
2010-02-12,1892.998,1959.5656427181596
2010-02-13,2351.556,2431.742081828706
2010-02-14,1686.698,2274.6927048905422
2010-02-15,2097.132,1935.9688039038008
2010-02-16,1797.756,1944.0999261547438
2010-02-17,2054.56,1892.0737277348212
2010-02-18,1761.156,1743.189173203677
2010-02-19,1953.572,1860.535701782112
2010-02-20,1983.728,2216.9620222538665
2010-02-21,2740.314,2108.1929193482642
2010-02-22,1474.036,1864.1296212110622
2010-02-23,1461.28,1885.7405895650445
2010-02-24,1914.278,1902.1505154035547
2010-02-25,1880.204,1724.488995838735
2010-02-26,2120.156,1864.5357983707063
2010-02-27,1765.056,2498.9654805420273
2010-02-28,711.666,1991.497762555734
2010-03-01,1298.728,1049.9538156658377
2010-03-02,766.9060000000001,1482.976377394735
2010-03-03,935.834,1196.7936287431608
2010-03-04,682.88,1157.5068402908626
2010-03-05,1133.726,1184.6298033019484
2010-03-06,794.712,1278.6311925326108
2010-03-07,1372.472,1292.9244112787196
2010-03-08,2557.098,1350.4419833503719
2010-03-09,1760.112,1518.2674012298487
2010-03-10,1822.632,1502.675358150902
2010-03-11,1951.09,1537.6100404382305
2010-03-12,1645.424,1688.1243901636847
2010-03-13,2383.01,2246.9584531091377
2010-03-14,1566.714,2199.3386149668067
2010-03-15,1791.85,1783.2832718515995
2010-03-16,1542.65,1843.1966859077365
2010-03-17,2009.13,1760.1711842621362
2010-03-18,1562.682,1681.554250605167
2010-03-19,1663.384,1622.8053009816201
2010-03-20,131.732,1808.3429487467895
2010-03-21,917.282,826.279122956108
2010-03-22,1618.59,1077.8158408895615
2010-03-23,1822.162,1560.4960268517523
2010-03-24,1994.752,1487.2964892648222
2010-03-25,1679.884,1436.3732124535077
2010-03-26,1651.284,1638.8315312493285
2010-03-27,1847.97,1802.192646110265
2010-03-28,1798.214,2131.369307059058
2010-03-29,1622.738,1578.0877945033797
2010-03-30,1906.454,1774.7246373663168
2010-03-31,1923.802,1755.4679759216276
2010-04-01,1687.44,1578.267920899229
2010-04-02,1648.622,1651.282936666684
2010-04-03,1805.278,1959.2830954464416
2010-04-04,1690.388,1914.4517899878163
2010-04-05,1118.82,1526.603308221801
2010-04-06,1825.852,1559.680694046531
2010-04-07,1596.982,1651.2290641756638
2010-04-08,1649.22,1446.787548798018
2010-04-09,1233.35,1621.4370731281697
2010-04-10,1190.208,1782.139477254899
2010-04-11,1602.81,1571.3070666851067
2010-04-12,1439.426,1381.1142258251348
2010-04-13,1512.704,1506.6869476594084
2010-04-14,1660.364,1510.8531832519864
2010-04-15,1872.178,1436.8731196052968
2010-04-16,1562.062,1597.719707516865
2010-04-17,1557.712,1755.377257586306
2010-04-18,1476.106,1900.0356393733332
2010-04-19,1708.594,1491.217693061594
2010-04-20,1833.628,1505.3494006237866
2010-04-21,1579.914,1637.9489152764681
2010-04-22,1460.904,1581.9225115307129
2010-04-23,1180.536,1582.831063306008
2010-04-24,1518.418,1614.1772729364739
2010-04-25,1542.742,1695.7425534136676
2010-04-26,1082.716,1525.8008822361944
2010-04-27,1250.94,1320.1896739635736
2010-04-28,867.858,1462.483979134885
2010-04-29,1103.724,1242.468663818986
2010-04-30,1118.628,1129.4640942236244
2010-05-01,1320.158,1271.0952605597138
2010-05-02,2187.91,1365.7059534029408
2010-05-03,1411.302,1198.472442018444
2010-05-04,1516.96,1264.479010177727
2010-05-05,1805.308,1294.6171177453298
2010-05-06,1299.25,1304.4230761700726
2010-05-07,1644.004,1457.4188385673447
2010-05-08,1533.422,1804.388833410058
2010-05-09,1566.51,1883.4567776628746
2010-05-10,1467.892,1490.7897978870442
2010-05-11,1571.368,1547.7862040665098
2010-05-12,2035.418,1615.0909938110992
2010-05-13,1552.496,1530.5074283770696
2010-05-14,1722.146,1486.6688677010877
2010-05-15,1944.772,1800.641334819648
2010-05-16,2100.426,1782.967898117494
2010-05-17,1628.182,1501.6037910727046
2010-05-18,1421.184,1625.6913402606183
2010-05-19,1426.752,1698.4561750413704
2010-05-20,1153.898,1516.5967379267051
2010-05-21,1294.396,1525.0970893772756
2010-05-22,2095.772,1680.011856583292
2010-05-23,1487.556,1711.2118773548887
2010-05-24,1341.332,1376.1308541874093
2010-05-25,1198.626,1356.7663718957133
2010-05-26,1387.884,1455.763827164517
2010-05-27,1323.342,1353.2956122594135
2010-05-28,1398.164,1472.0591510035501
2010-05-29,2049.808,1724.728138095296
2010-05-30,1665.7,1657.0606595744557
2010-05-31,1340.462,1325.8675740247081
2010-06-01,1268.964,1299.400833691017
2010-06-02,980.898,1377.6410250596894
2010-06-03,1394.186,1351.6374460037187
2010-06-04,1420.554,1425.774785871704
2010-06-05,2009.644,1606.917643459271
2010-06-06,1746.792,1696.3189097705008
2010-06-07,1012.082,1335.0193749377725
2010-06-08,1362.034,1332.9884872374087
2010-06-09,1534.682,1306.5626708999944
2010-06-10,1215.19,1375.6758601415909
2010-06-11,1470.672,1498.6556399557137
2010-06-12,1973.108,1715.2023646931368
2010-06-13,1674.356,1642.1611268316387
2010-06-14,1217.984,1297.8577730377751
2010-06-15,1223.966,1440.720607702613
2010-06-16,1768.092,1499.9687427436295
2010-06-17,1028.018,1351.2472459758726
2010-06-18,1332.316,1568.328079360313
2010-06-19,1416.22,1656.6527145563086
2010-06-20,1672.55,1674.8640231262316
2010-06-21,1660.89,1288.8523232946254
2010-06-22,1520.588,1335.353626242106
2010-06-23,1442.064,1412.5272464500774
2010-06-24,1095.78,1331.656869854861
2010-06-25,1099.438,1413.691317897923
2010-06-26,981.62,1449.6779179117975
2010-06-27,1139.964,1270.4620917951775
2010-06-28,1471.34,1176.726982982622
2010-06-29,1367.296,1231.7599915345272
2010-06-30,1384.136,1202.2802116741057
2010-07-01,1349.002,1162.207354582828
2010-07-02,1140.928,1187.0174864318055
2010-07-03,1120.074,1224.4402452856139
2010-07-04,1538.088,1179.0246589036078
2010-07-05,1113.99,1262.6346515090947
2010-07-06,1005.934,1162.5175865461488
2010-07-07,834.788,1115.1468988467036
2010-07-08,1212.652,1029.9936063529306
2010-07-09,1083.478,1081.2412237224335
2010-07-10,1154.504,1166.5301264668026
2010-07-11,1193.572,1203.054764203759
2010-07-12,1109.574,1079.3100741990354
2010-07-13,1382.114,1044.5814582166602
2010-07-14,1409.472,1059.294110814541
2010-07-15,1633.162,1144.5984543687148
2010-07-16,820.056,1201.6976913275262
2010-07-17,806.352,1103.4047591045173
2010-07-18,812.038,1057.1941016787591
2010-07-19,801.158,1017.6540897761953
2010-07-20,855.824,1035.383682136599
2010-07-21,1064.166,1023.805035602229
2010-07-22,1164.446,1014.3299192976556
2010-07-23,1176.158,1077.1152513371321
2010-07-24,921.668,1121.1101066113165
2010-07-25,1130.41,1041.7014723979842
2010-07-26,884.15,1069.0260102446957
2010-07-27,952.36,1036.511882781491
2010-07-28,862.654,1089.3922804489357
2010-07-29,549.104,1025.6411038408119
2010-07-30,551.26,682.9037299652364
2010-07-31,554.616,649.3001843777733
2010-08-01,555.664,666.3661302938231
2010-08-02,549.482,667.0450065357879
2010-08-03,615.212,695.2316511193192
2010-08-04,543.356,813.2867032289233
2010-08-05,533.476,774.8262241328672
2010-08-06,524.746,741.6151772778888
2010-08-07,527.476,759.1411592844966
2010-08-08,528.46,787.7834195289709
2010-08-09,535.064,753.9414569119741
2010-08-10,544.758,725.2382871985242
2010-08-11,542.002,727.8640783550895
2010-08-12,529.698,683.1263518812032
2010-08-13,534.294,712.3409200608565
2010-08-14,554.27,671.4904546433297
2010-08-15,1055.986,712.2439352147585
2010-08-16,1129.73,976.1936274882511
2010-08-17,978.202,995.4627606932064
2010-08-22,93.338,900.6064998034251
2010-08-23,765.658,568.4284414047615
2010-08-24,722.948,1013.1924296939125
2010-08-25,980.408,850.1524444235829
2010-08-26,757.252,933.0220346933919
2010-08-27,2030.65,912.828030255618
2010-08-28,1442.856,1412.223756249512
2010-08-29,1668.48,1382.928169457877
2010-08-30,1494.802,1084.4278610267625
2010-08-31,1365.106,1196.6660496994893
2010-09-01,1593.318,1286.0337665226689
2010-09-02,1392.492,1321.6681606164807
2010-09-03,1346.414,1561.2042620177733
2010-09-04,1743.84,1676.424108994916
2010-09-05,1323.018,1740.3855873202153
2010-09-06,1422.876,1356.2321708849786
2010-09-07,1451.854,1414.268130940428
2010-09-08,1303.812,1523.4237269937523
2010-09-09,1238.714,1382.9732004218254
2010-09-10,1328.108,1477.6392116635363
2010-09-11,1463.31,1607.8645511663033
2010-09-12,1612.092,1692.0359190067961
2010-09-13,1076.32,1311.9716171364655
2010-09-14,1430.678,1313.6660825300244
2010-09-15,986.094,1396.3502750516743
2010-09-16,1339.738,1225.334655812418
2010-09-17,1497.608,1278.6890190413112
2010-09-18,1247.946,1592.7660082843058
2010-09-19,919.6,1377.4871860666788
2010-09-20,1682.832,1252.3486705278397
2010-09-21,1111.376,1339.054255342613
2010-09-22,1510.394,1260.3587214824508
2010-09-23,1449.862,1334.6101617436302
2010-09-24,1327.992,1501.370701528757
2010-09-25,106.006,1440.9360859179858
2010-09-29,1684.426,751.6727443850552
2010-10-02,1923.254,1335.5187048435473
2010-10-03,1830.684,1647.2331166384424
2010-10-04,1775.96,1699.822020596469
2010-10-05,1854.624,1552.1057829612055
2010-10-06,1315.456,1733.7911164772709
2010-10-07,1809.954,1486.741127130406
2010-10-08,1510.456,1662.924527889516
2010-10-09,1611.78,1724.433171443349
2010-10-10,1998.904,1962.985536941648
2010-10-11,1622.59,1547.0160810144212
2010-10-12,1579.692,1828.0864914265671
2010-10-13,2073.886,1573.28915374434
2010-10-14,2135.122,1677.2257074288664
2010-10-15,1596.324,1637.4162004954267
2010-10-16,1000.014,1953.8019450143408
2010-10-17,1047.382,1771.2371594255412
2010-10-18,2713.884,1404.5357653011372
2010-10-19,1925.978,1619.1964909031567
2010-10-20,1727.964,1794.6770473314143
2010-10-21,1355.198,1916.8420530437609
2010-10-22,1668.892,1600.6912429981176
2010-10-23,2293.236,2060.2332866041506
2010-10-24,2390.548,1887.296798452151
2010-10-25,1163.292,1792.893903084773
2010-10-26,945.904,1690.1048541720281
2010-10-27,1260.278,1364.35420522793
2010-10-28,1463.326,1501.9791142994952
2010-10-29,1204.422,1633.265619652263
2010-10-30,2152.7,1612.4236642962555
2010-10-31,1476.43,1661.7633756841306
2010-11-01,1383.18,1659.0629674400545
2010-11-02,1191.082,1669.5567407877907
2010-11-03,1293.298,1642.171857714099
2010-11-04,2555.146,1539.7310217973095
2010-11-05,1736.088,1786.2887931121857
2010-11-06,1805.408,2188.9600606402278
2010-11-07,1673.816,2074.29368670824
2010-11-08,1825.54,1624.100119723737
2010-11-09,2022.098,1745.6284871008038
2010-11-10,1946.534,1698.4686765079161
2010-11-11,1773.592,1867.9011289558716
2010-11-12,1836.822,1741.371510612746
2010-11-13,2023.174,1897.7700894301472
2010-11-14,2038.392,2070.4124175872344
2010-11-15,1747.382,1718.5395790404689
2010-11-16,1509.748,1883.6670136054545
2010-11-17,1582.032,1860.6603452159127
2010-11-18,1652.152,1784.4321710339302
2010-11-19,1570.4,1882.8245625124791
2010-11-20,2197.006,2101.6849914828795
2010-11-21,900.91,2049.9080780886397
2010-11-22,2041.536,1236.5251225396707
2010-11-23,1577.536,1667.3330038748566
2010-11-24,1796.248,1695.052836617676
2010-11-25,1431.164,1704.0630257623034
2010-11-26,1488.104,1788.5304483206794
